first_name,last_name,email,phone
Mario,Chacon,Mario@mario.com,151515
Manon,Chacon,Manon@manon.com,66161
Nelly,Alix,Nelly@nelly,51515
Carl,Cox,Carl@carl.com,515151
Peggy,Gou,Peggy@peggy.com,655151
Edith,Boulet,edith@ggg.com,5615151
